customer_id,name,signup_date,country
1,Dr. Erin Preston DDS,2020-06-26,France
2,Brad Castro,2023-03-08,USA
3,Mrs. Erica Smith,2020-06-22,Germany
4,Timothy Clark,2020-11-12,Germany
5,Dawn Lang,2022-04-08,USA
6,Emily Gilbert,2024-09-02,USA
7,Jonathan Nichols,2020-11-22,UK
8,Victor Lawrence,2020-05-10,Hungary
9,Scott Jackson,2020-01-04,Germany
10,Andrew Holt,2024-01-14,UK
11,Alexandra Oliver,2021-06-04,USA
12,Melanie Simpson,2023-01-15,USA
13,William King DDS,2024-08-23,UK
14,Angela Thompson,2021-04-09,Germany
15,Amanda Mccall,2020-04-04,Hungary
16,Kaylee Anderson,2020-05-27,Germany
17,Daniel Graham,2020-11-11,Germany
18,Jennifer Thomas,2022-11-28,France
19,Tyler Cruz,2024-05-01,Germany
20,Jose Perez,2021-11-03,France
21,Justin Smith,2021-03-21,UK
22,Jenna Weber,2020-12-24,Hungary
23,Christy Perry,2020-08-09,USA
24,Jason Jones,2024-11-16,UK
25,Mrs. Shelly Garcia DVM,2023-08-26,USA
26,Devin Olsen,2023-07-13,UK
27,Andrew Lee,2020-06-13,Germany
28,Tony Ballard,2022-10-19,Germany
29,Amanda Mcgee,2021-10-01,France
30,Kirsten Williams,2021-11-06,UK
31,Tina Baker,2023-04-16,France
32,Adam Dean,2020-01-02,Hungary
33,Kelly Ramirez,2023-06-17,Germany
34,Michelle Chapman,2023-04-06,France
35,Eric Lindsey,2023-09-16,France
36,Jenna Munoz,2020-11-20,Germany
37,Erin Ward PhD,2023-05-22,Hungary
38,Joseph Roberts,2024-05-09,France
39,Joe Brown,2023-10-12,Hungary
40,Wanda Cline,2024-05-29,Hungary
41,David Everett,2020-03-06,France
42,Amber Ortiz,2020-01-08,Hungary
43,Anthony Meza,2024-04-15,France
44,Tabitha Reed,2024-03-02,Germany
45,Amanda Mcclure,2023-04-12,France
46,Adam Marshall,2022-01-23,France
47,Maria Fisher,2022-01-05,UK
48,Steven Johnson,2022-08-19,Hungary
49,John Rodriguez,2021-08-04,USA
50,Joseph Hardy,2024-02-11,Hungary
51,April Stanley,2020-02-14,Germany
52,Robert Juarez,2020-11-28,Germany
53,Daniel Mendez,2022-02-28,UK
54,Andrea Hernandez,2021-07-10,France
55,Trevor Calhoun,2022-02-05,USA
56,Stephen Adams,2024-07-16,Germany
57,Allen Ayala,2021-06-27,UK
58,Jillian Hart,2023-04-28,USA
59,Andrew Keller,2022-01-25,Germany
60,Sarah Bailey,2020-01-25,USA
61,Erin Williams,2023-03-09,USA
62,Jeffrey Hicks,2022-07-02,USA
63,Christopher Davis,2022-12-27,UK
64,John Bailey,2021-02-10,UK
65,Kayla Peterson,2022-05-12,France
66,Charles Hall,2024-12-06,Hungary
67,Amy Young,2023-07-23,Hungary
68,Ellen Johnson,2022-09-28,USA
69,Alexis Adams,2022-02-07,France
70,Pamela Allen,2020-04-13,France
71,Keith Richard,2022-03-29,UK
72,Kathleen Perez,2024-01-01,UK
73,Bonnie Rosario,2024-07-26,USA
74,Clarence Chapman,2023-04-05,France
75,Kerry Mcguire,2024-09-10,France
76,Mr. Jason Smith,2024-05-21,France
77,Richard Robinson,2022-01-06,USA
78,Lindsey Ellison,2020-04-23,France
79,Teresa Clayton,2022-03-16,USA
80,Brandon Cook,2024-03-25,Hungary
81,Mrs. Jennifer Jones,2021-10-14,UK
82,Jason Rojas,2024-11-01,UK
83,Dr. Angela Roach,2020-04-27,USA
84,Rick Fischer,2024-10-23,USA
85,Michele Gonzalez,2022-04-26,Hungary
86,Mrs. Rachel Herrera DDS,2020-05-06,USA
87,Daniel Burton,2020-12-31,Hungary
88,Christine Thompson,2022-03-14,Hungary
89,David Bell,2022-04-24,Germany
90,Henry Kennedy,2021-12-26,UK
91,Kathleen Williams,2023-06-14,USA
92,Kristi Simpson,2024-08-07,USA
93,Brian Deleon,2021-04-09,UK
94,Amanda Stout,2021-12-27,Germany
95,Zachary Black,2020-03-30,France
96,Erica Miller,2022-12-06,Germany
97,Vincent Robinson,2023-05-31,France
98,Leslie Levy,2020-04-16,UK
99,Mrs. Jennifer Ramsey,2023-02-20,Germany
100,Doris Jackson,2023-12-05,Germany
101,Amy Wilcox,2022-06-30,USA
102,Tara Powers,2022-08-06,USA
103,Melissa Henderson,2021-02-13,Germany
104,Justin Patel,2024-07-24,Hungary
105,Ryan Cooper,2023-02-26,Germany
106,Mike Knight,2022-12-31,Hungary
107,Albert Evans,2023-09-16,Hungary
108,James Wallace,2022-12-18,UK
109,Christine Pearson,2020-02-14,Germany
110,Joshua Wiley,2024-12-07,USA
111,Miguel Aguirre,2023-02-02,USA
112,Rita Spencer,2023-10-14,Hungary
113,Jennifer Green,2022-03-20,France
114,Joseph Kim,2020-12-14,USA
115,Robert Scott,2021-12-23,France
116,Lauren Williamson,2023-01-03,USA
117,Allison Dennis,2021-02-21,Germany
118,Heather Moody,2024-08-02,Germany
119,Christine Eaton,2024-09-06,France
120,Jared Webb,2020-05-14,Hungary
121,Daniel Padilla,2021-01-11,USA
122,Brittany Becker,2021-12-21,UK
123,Kathy Sims,2020-12-15,USA
124,Robert Smith,2025-01-06,Germany
125,Diana Baker,2020-08-04,USA
126,Tony Vargas,2024-10-09,Hungary
127,Kimberly Gonzales,2022-06-21,UK
128,Kyle Farley,2020-05-07,France
129,Christian Baker,2023-03-08,France
130,Michael Davidson,2022-03-06,France
131,Ronald Clark III,2023-11-05,Germany
132,Mackenzie Kim,2020-03-18,Hungary
133,Victoria Gonzales MD,2024-05-12,France
134,Cynthia Williams,2020-10-31,Hungary
135,Sandra Merritt,2021-06-08,USA
136,Alyssa Garcia,2022-06-20,France
137,Catherine Nelson,2022-12-01,USA
138,Alexandra Humphrey,2021-04-17,Germany
139,Edward Kim,2020-09-23,Hungary
140,Raymond Stanton,2023-12-03,UK
141,Robert Mcintosh,2024-09-07,France
142,Lucas Jackson,2023-08-06,UK
143,Brent Lopez,2024-02-13,Hungary
144,Christina Reynolds,2021-01-03,UK
145,Mason Strickland,2020-05-23,France
146,Tyler Thompson,2024-02-27,France
147,Kim Ball,2024-07-02,Germany
148,James Morgan,2022-05-06,UK
149,Curtis Conrad,2020-05-02,USA
150,Alyssa Ford,2024-01-13,UK
151,Gina Sexton,2021-09-28,Germany
152,Carla Lopez,2020-06-19,France
153,Kelly Taylor,2024-06-03,Germany
154,Kathleen Bradshaw,2022-08-26,UK
155,Michelle Soto,2020-06-04,Hungary
156,Tyler James,2023-07-30,USA
157,James Young,2020-12-19,Hungary
158,James Walker,2021-05-20,UK
159,Megan Hill,2024-09-22,France
160,Ashley Walsh,2023-12-03,Germany
161,Elizabeth Watkins,2022-02-17,USA
162,Amanda Chavez,2024-04-30,Hungary
163,Julie Thomas,2021-08-27,Germany
164,Molly Diaz,2023-08-29,Hungary
165,Adam Rogers,2023-01-26,USA
166,Dustin Hernandez,2023-09-09,USA
167,Lori Wilson,2023-03-12,UK
168,Nicholas Cohen,2021-07-07,Germany
169,Rachel Williams,2020-07-30,Germany
170,Francisco Stewart,2022-04-13,UK
171,Joseph Berg,2024-08-06,Hungary
172,Alicia Chavez,2020-07-02,France
173,Oscar Jensen,2022-03-05,Hungary
174,Alejandro Foster,2022-07-11,Hungary
175,Ruth Morgan,2021-01-16,Germany
176,Sandra Harper,2024-08-31,UK
177,Jessica Walker,2024-03-08,USA
178,Matthew Murphy,2020-11-12,France
179,Donna Cummings,2022-05-08,France
180,Holly Coleman,2022-02-06,Germany
181,Ryan Medina,2021-08-30,Germany
182,William Knight,2023-09-05,USA
183,Brittany Wilson,2023-09-11,UK
184,Kari Thomas,2023-07-23,Germany
185,Christopher Morales,2024-01-16,USA
186,Tricia Shannon,2021-12-10,USA
187,Ashley Oconnell,2023-10-07,Hungary
188,Cassandra Smith,2024-02-01,France
189,Stephanie Ali,2020-09-20,Germany
190,Jimmy Murphy,2024-07-05,Hungary
191,Eileen Lewis,2022-06-10,UK
192,Laurie Lopez,2020-08-21,UK
193,Carlos Scott,2021-10-19,France
194,Evan Maddox,2021-03-30,France
195,Alyssa Lewis,2020-09-04,France
196,Bradley Cross,2023-12-26,Hungary
197,Lisa Phelps,2021-07-28,Germany
198,Thomas Norman,2023-05-07,USA
199,Theresa Yu,2024-05-09,France
200,Richard Ford,2022-02-18,France
201,Rachel Chapman,2020-11-14,Germany
202,Courtney Winters,2022-03-28,France
203,Taylor Ortiz,2022-05-02,USA
204,Richard Mendoza,2022-05-03,Hungary
205,Anna Manning,2021-10-10,Hungary
206,Thomas Price,2021-08-30,UK
207,Allison Chambers,2023-05-25,USA
208,Taylor Richmond,2023-03-08,France
209,Tracie Gibson,2025-01-07,France
210,Javier Anderson,2020-07-12,USA
211,Timothy Baldwin,2022-07-13,Germany
212,Kim Crawford,2021-11-12,USA
213,Melinda Jefferson,2024-03-07,Germany
214,Tabitha Tucker,2024-04-30,USA
215,Nicole Willis,2024-11-02,Hungary
216,Michael Buchanan DVM,2024-02-22,Germany
217,Charles Peterson,2024-09-19,Hungary
218,Richard Merritt,2024-01-12,Hungary
219,Jody Stewart,2022-07-20,USA
220,Latoya Parker,2024-08-28,France
221,Holly Sims,2021-01-19,Hungary
222,Latoya Sanchez,2020-01-22,Germany
223,Heather Thompson,2024-10-14,UK
224,Nicole Perkins,2020-06-23,USA
225,Jasmine Sullivan,2023-04-28,UK
226,Lisa Gordon,2023-09-13,Hungary
227,Cindy Malone,2024-08-04,France
228,Lori Gordon,2021-04-10,UK
229,Destiny Fisher,2024-06-23,France
230,Natalie Elliott,2024-07-28,USA
231,Amy Jones,2024-07-12,USA
232,Courtney Johnson,2022-06-26,Hungary
233,Tim Harmon,2023-04-14,Germany
234,Crystal Leach,2023-06-23,UK
235,Ryan Delacruz,2023-04-14,France
236,Lauren Brewer,2023-08-01,UK
237,Angie Stewart,2024-01-25,Germany
238,Michael Owens,2022-01-28,UK
239,Jamie Hamilton,2020-07-21,UK
240,Michael Coleman,2024-04-06,Germany
241,Keith Torres,2021-04-29,USA
242,Emily Mercer,2020-03-13,Germany
243,Jessica Cooke,2022-04-29,Germany
244,Amber Simmons,2021-02-06,UK
245,Stephanie Owen,2023-07-27,USA
246,Mark Rivera,2020-05-31,Germany
247,Mary Wallace,2021-06-13,USA
248,Wayne Fisher,2022-01-19,France
249,Zachary Phelps,2021-02-18,UK
250,David Deleon,2022-06-08,Hungary
251,Shirley Combs,2020-02-28,Germany
252,Catherine Mckinney,2021-08-06,Hungary
253,Darlene Bennett,2021-04-22,Germany
254,Ann Hawkins,2023-08-01,USA
255,Bryan Stevens,2021-04-09,UK
256,Jamie Smith,2023-11-24,France
257,Samantha Robertson,2024-10-21,UK
258,Dr. Keith Hartman DVM,2023-11-22,USA
259,Amanda Miller,2023-02-19,UK
260,Nicholas Welch,2022-01-24,Hungary
261,Anna Holt,2022-06-16,Hungary
262,Karen Calderon,2022-02-22,France
263,Scott Pacheco,2024-10-10,USA
264,Stacey Sutton,2020-05-29,USA
265,Austin Stevenson,2020-08-25,Hungary
266,Dawn Mcknight,2024-07-12,UK
267,Sean Adams MD,2020-04-06,UK
268,Benjamin Harrison,2023-11-16,Germany
269,Charles Bradley,2021-08-16,UK
270,Jessica Reese,2021-02-01,UK
271,Paul Wright,2024-03-23,USA
272,Michael Braun MD,2023-07-07,Germany
273,Christine Sparks,2020-09-14,Germany
274,Daniel Alvarez,2022-02-09,USA
275,Jeremiah Jackson,2021-10-22,USA
276,Laura Salazar,2024-05-31,France
277,Andrew Williams,2020-03-29,Germany
278,Emily Wallace,2022-09-19,France
279,Brian Campbell,2024-08-16,France
280,Bobby Choi,2023-12-25,USA
281,Vicki Hart,2022-06-03,USA
282,Joseph Bond,2023-12-24,UK
283,Sally Ramirez,2022-09-26,Hungary
284,Amanda Clark,2021-07-31,France
285,John Duncan,2021-05-04,Hungary
286,Natalie Ramirez,2021-02-23,USA
287,Vincent Wise,2023-11-22,France
288,Benjamin Farley,2023-11-30,UK
289,John Shaffer,2023-07-07,UK
290,Judith Bradley,2024-10-20,USA
291,Christina Graves,2024-03-01,UK
292,James Valencia,2020-04-24,Germany
293,Tracy Knight,2023-10-21,Germany
294,Matthew Stewart,2022-03-09,Hungary
295,Timothy Hall,2024-10-31,UK
296,Susan Garza,2021-12-21,France
297,Jeffrey Moore,2020-06-12,USA
298,Gary Martin,2024-08-10,USA
299,Monica Stone,2023-02-26,France
300,Kristen Avila,2021-05-22,UK
301,Terrance Byrd,2021-05-31,Germany
302,Robert Dixon,2020-09-09,Hungary
303,Suzanne Melton,2024-08-05,France
304,Kyle Cannon,2024-07-23,UK
305,Deanna Edwards,2024-07-08,UK
306,Luke Garrison,2021-05-22,Hungary
307,Alexis Mitchell,2022-10-30,Hungary
308,Karen Murphy,2024-01-19,Hungary
309,Bridget Schmidt,2023-11-24,USA
310,Mr. Ruben Smith,2020-06-25,Germany
311,Mario Pittman,2023-07-03,Hungary
312,Steven Nunez,2023-06-24,France
313,Scott Mason,2021-08-26,USA
314,Taylor Ruiz,2022-09-06,UK
315,Melanie Barrett,2021-11-12,UK
316,Kyle Wilson,2024-10-18,USA
317,Jennifer Mercado,2021-02-09,Germany
318,Travis Arnold,2020-06-28,UK
319,Ellen Costa,2022-04-19,Germany
320,Charles Johnson,2020-02-10,Germany
321,Tammy Taylor MD,2024-04-08,UK
322,David Powers,2023-10-14,Germany
323,Joel Weber,2024-03-18,USA
324,Stacey Phillips,2023-03-07,Germany
325,Mark Lee,2022-01-15,UK
326,Angela Atkins,2020-02-01,France
327,Michelle Sanders,2024-10-09,USA
328,Sara Jones,2022-11-10,Germany
329,Eduardo Chase,2022-10-23,UK
330,Sarah Nguyen,2021-03-31,France
331,George Farrell,2020-02-29,Germany
332,Alan Fisher,2021-12-26,Hungary
333,James Pierce,2020-07-27,France
334,Mr. Christopher Baker,2021-09-30,France
335,Rachel Morse,2024-11-07,USA
336,Stephen Donaldson,2021-12-25,USA
337,John Mcmahon,2022-06-04,UK
338,Paul Ford,2022-02-21,Germany
339,John Oliver,2023-06-16,France
340,Linda Olson,2022-10-18,France
341,Karla Brown,2024-05-14,Hungary
342,Brandon Pace,2020-04-17,Hungary
343,Sean Stevenson,2021-11-16,Germany
344,Joseph Jones,2021-09-14,Hungary
345,Marie Hicks,2020-06-13,USA
346,Miss Lori Jones,2024-04-14,France
347,Terri Medina,2024-02-28,France
348,Jim Brooks,2020-08-18,Hungary
349,Michelle Miller,2021-11-14,Germany
350,Lawrence Watkins MD,2021-05-15,Germany
351,Brianna Soto,2024-06-25,Hungary
352,Dean Gordon,2022-02-14,France
353,Judy Pena,2020-12-27,USA
354,Darrell Hale,2022-09-28,UK
355,Daniel Brennan,2023-05-06,USA
356,Samantha Stewart,2024-10-08,USA
357,Randy Martinez,2023-03-31,Hungary
358,Dale Koch Jr.,2022-11-18,France
359,Randy Jones,2022-12-31,Germany
360,Courtney Potter,2024-05-17,France
361,Jamie Grant,2020-09-20,UK
362,Zachary Reilly,2022-09-12,Germany
363,Miss Andrea Cruz DVM,2024-12-14,UK
364,Ellen Long,2023-12-10,Hungary
365,Lisa Mcbride,2024-07-18,USA
366,Shelby Jensen,2021-04-28,Germany
367,Michele Hopkins,2024-04-25,France
368,Tonya Reyes,2020-07-31,Hungary
369,Catherine Combs,2023-12-26,Germany
370,Michelle Lopez,2024-07-21,UK
371,Jonathan Lane,2022-12-22,Germany
372,Kim Huang,2024-02-29,UK
373,Laura Lyons,2020-12-19,France
374,Jason Garcia,2020-06-07,Germany
375,Harold Tate Jr.,2021-09-21,UK
376,Michael Ray,2022-11-21,Hungary
377,Trevor Rodriguez,2021-07-02,USA
378,Hannah Camacho,2021-05-10,Hungary
379,William Moore,2020-03-12,UK
380,Tonya Powell,2024-03-08,UK
381,Cindy Brewer,2022-08-24,Germany
382,Mary Nguyen,2022-09-13,USA
383,Patricia Harris,2023-04-09,Hungary
384,Alice Olson,2024-06-04,USA
385,Claudia Austin,2020-02-16,UK
386,Daniel Adams,2022-05-28,UK
387,Jordan Jimenez,2021-05-30,France
388,Cameron Beasley,2023-09-25,UK
389,Christina Meyers,2020-08-28,France
390,Marie Bridges,2023-06-25,France
391,Richard Wilson,2022-09-06,UK
392,Crystal Harris,2024-02-28,USA
393,Barbara Garcia,2020-08-15,France
394,Susan Bell,2020-11-01,Hungary
395,Amber Stevenson,2021-10-29,France
396,Douglas Scott,2023-05-08,Germany
397,Karen Morgan,2022-04-08,Hungary
398,Christopher Mccullough,2020-06-11,USA
399,Casey Smith,2023-01-09,Germany
400,Timothy Rodriguez,2024-05-06,UK
401,James Nunez,2024-03-30,UK
402,Felicia Williams,2021-08-07,France
403,Dominique Duffy,2023-02-27,Germany
404,Jeffrey White,2023-03-13,Hungary
405,Tammy Nichols,2020-06-26,UK
406,Danny Vasquez,2023-07-28,UK
407,Thomas Simmons,2021-12-07,UK
408,Meghan Vargas,2024-08-25,UK
409,Anthony Clark,2023-02-15,Germany
410,Mark Owens,2023-05-06,Germany
411,Thomas Ibarra,2024-11-04,Germany
412,Timothy Williams,2023-10-14,Germany
413,Joseph Williamson,2024-06-23,UK
414,Samantha Romero,2022-10-05,UK
415,Justin Lopez,2020-12-06,UK
416,Alexandria Mcgee,2022-11-25,USA
417,Michelle Kent,2024-02-06,Hungary
418,Ruth Waters,2022-03-12,Germany
419,Kathleen Gonzalez,2021-12-15,Germany
420,Robert Mccann,2020-02-13,Germany
421,Courtney Mcmillan,2023-07-19,France
422,Mike Rice,2021-12-26,Germany
423,Kelly Sanders,2023-01-01,UK
424,Phillip Garrison,2023-10-15,USA
425,Edward Reilly,2020-01-31,UK
426,Alyssa Norman,2020-06-29,France
427,Michael Mcmillan,2022-05-06,UK
428,Katie Cohen,2021-12-20,Germany
429,Cynthia Morris,2021-04-06,UK
430,John Hanson,2020-03-06,USA
431,Jared Obrien,2020-06-06,UK
432,Samantha Price,2023-06-03,Hungary
433,Mrs. Amber Valencia,2023-02-09,UK
434,Karen King,2020-09-13,UK
435,Melissa Rodriguez,2021-06-01,Germany
436,Deborah Vaughn,2020-02-27,UK
437,Bryan Williams,2024-06-06,USA
438,Kiara Jackson,2022-08-02,USA
439,Michael Stone,2023-04-10,Germany
440,Adam Ingram,2021-11-23,Hungary
441,Robert Lopez,2024-01-21,UK
442,Caitlin Torres,2020-10-06,UK
443,Mary Mcdaniel,2022-11-02,Germany
444,Norman Howard,2022-05-27,USA
445,Jamie Love,2021-12-15,France
446,Shawna Miller,2021-11-28,France
447,Christopher Arellano,2021-06-20,Germany
448,James Brown,2020-04-08,UK
449,Joseph Mason,2022-11-17,Germany
450,Kaitlyn Taylor,2023-08-16,Hungary
451,Catherine Fleming,2022-10-25,Germany
452,Melissa Heath,2022-08-31,France
453,Rebecca Kidd,2023-07-19,USA
454,Shelly Thomas,2024-01-25,Germany
455,Mindy Lam,2021-11-30,Germany
456,Ashley Huang,2021-05-12,Germany
457,Adrian Spears,2022-04-06,UK
458,Patricia Ponce,2022-09-09,UK
459,Cynthia Roth,2020-05-23,France
460,Shannon Strong,2022-05-22,France
461,Amanda Lopez,2023-03-27,UK
462,Sara Ramirez,2023-06-22,Hungary
463,James Johnston,2020-11-05,USA
464,Gregory Bennett,2020-08-11,France
465,Kaitlin Rice,2023-04-11,Germany
466,Jerry Gordon,2024-10-10,USA
467,Daniel Glover,2021-07-12,Hungary
468,Angela Ewing,2024-08-10,UK
469,Jane Landry,2023-09-14,France
470,Daniel Vazquez,2022-10-18,Germany
471,Roger Walker,2021-02-05,UK
472,Stacy Eaton,2023-03-28,USA
473,Melissa Gallegos,2020-02-02,Germany
474,Courtney Smith,2024-02-20,UK
475,Danny Olsen,2022-09-24,France
476,Patrick Martin,2021-05-26,UK
477,Ashley Schwartz,2020-08-11,USA
478,Jessica Maxwell,2020-08-21,UK
479,Mr. Benjamin Malone,2020-11-16,France
480,Heidi Miller,2022-09-14,USA
481,Kenneth Reilly,2021-03-10,UK
482,Morgan Lane,2020-08-11,France
483,Deanna Molina,2021-03-26,UK
484,April Myers,2023-05-24,Germany
485,Nicole Erickson,2020-10-13,UK
486,Nicholas Kaufman,2023-10-14,Hungary
487,Vanessa Hernandez,2023-12-15,Germany
488,Austin Edwards,2020-01-12,Hungary
489,Christopher Horton,2024-05-17,France
490,Stephen Chambers,2020-05-08,Hungary
491,Cassandra Shepard,2024-10-01,Germany
492,Lisa Wagner,2020-09-03,France
493,Steven Schmitt,2021-09-27,Germany
494,Linda Norton,2023-11-16,Germany
495,Stacy Cox,2024-03-17,Germany
496,Mark Johnson,2020-02-19,UK
497,Anthony Phillips,2023-07-21,USA
498,Kathleen Clark,2021-08-14,Germany
499,Rebecca Holmes,2023-01-03,Hungary
500,Aaron Jones,2024-04-17,USA
